,default,default,default
,1,2,3
d,0.903,7.92,355.0
q,0.18,0.29675549035572174,0.38590841578644536
